<?xml version="1.0" encoding="UTF-8"?>
<sos:InsertObservation
   xmlns:xsi="http://www.w3.org/2001/XMLSchema-instance"
   xsi:schemaLocation="http://schemas.opengis.net/sos/1.0.0/sosAll.xsd"
   xmlns:sos="http://www.opengis.net/sos/1.0"
   xmlns:xlink="http://www.w3.org/1999/xlink"
   xmlns:sa="http://www.opengis.net/sampling/1.0"
   xmlns:swe="http://www.opengis.net/swe/1.0.1"
   xmlns:gml="http://www.opengis.net/gml/3.2"
   xmlns:ogc="http://www.opengis.net/ogc"
   xmlns:om="http://www.opengis.net/om/1.0" service="SOS" version="1.0.0" >
   <AssignedSensorId>urn:ogc:object:sensor:x-ist::???</AssignedSensorId>
   <om:Observation>
    <om:procedure xlink:href="urn:ogc:object:procedure:x-ist::LimnoGPS1"/>
    <sa:samplingTime>
      <gml:TimePeriod>
        <gml:beginPosition>2010-02-10T16:10:00+01:00</gml:beginPosition>
        <gml:endPosition>2010-02-10T18:00:00+01:00</gml:endPosition>
        <gml:TimeLength>
          <gml:duration>PT10M</gml:duration>
          <gml:timeInterval unit="Min">10</gml:timeInterval>
        </gml:TimeLength>
      </gml:TimePeriod>
    </sa:samplingTime>
    <om:observedProperty>
      <swe:CompositPhenomenon dimension="6">
            <swe:component xlink:href="urn:ogc:def:parameter:x-ist::time:iso8601"/>  
            <swe:component xlink:href="urn:ogc:crs:EPSG:21781:x-position"/>  
            <swe:component xlink:href="urn:ogc:crs:EPSG:21781:y-position"/>  
            <swe:component xlink:href="urn:ogc:crs:EPSG:21781:z-position"/>  
            <swe:component xlink:href="urn:ogc:def:property:x-ist::phosphorus_concentration" />   
            <swe:component xlink:href="urn:ogc:def:property:x-ist::nitrogen_concentration" />          
      </swe:CompositPhenomenon>
    </om:observedProperty>
    <om:featureOfInterest xlink:href="urn:ogc:object:feature:x-ist::station:CERESIO_LANCHETTA"/>
      <om:result>
          <swe:DataArray>
            <swe:elementCount>
              <swe:Count>
                <swe:value>6</swe:value>
              </swe:Count>
            </swe:elementCount>
            <swe:elementType name="SimpleDataArray" xlink:href="http://mmisw.org/ont/mmi/obs.owl/timeSeriesDataRecord">
              <swe:DataRecord definition="http://mmiws.org/ont/x/timeSeries">
                <swe:field name="Time">
                  <swe:Time definition="urn:ogc:def:parameter:x-ist::time:iso8601"/>
                </swe:field>
                <swe:field name="x-position">
                    <swe:Quantity definition="urn:ogc:crs:EPSG:4326:x-position"/>
                </swe:field>
                <swe:field name="y-position">
                    <swe:Quantity definition="urn:ogc:crs:EPSG:4326:y-position"/>
                </swe:field>
                <swe:field name="z-position">
                    <swe:Quantity definition="urn:ogc:crs:EPSG:4326:z-position"/>
                </swe:field>
                <swe:field name="phosphorus_concentration">
                    <swe:Quantity definition="urn:ogc:def:property:x-ist::phosphorus_concentration">
                       <swe:uom code="mg*P/m^3"/>
                    </swe:Quantity>
                </swe:field>
                <swe:field name="nitrogen_concentration">
                    <swe:Quantity definition="urn:ogc:def:property:x-ist::nitrogen_concentration"/>
                </swe:field>
              </swe:DataRecord>
            </swe:elementType>
            <swe:encoding>
              <swe:TextBlock tokenSeparator="," blockSeparator="@" decimalSeparator="."/>
            </swe:encoding>
            <swe:values>
                2010-02-10T16:10:00+01:00,718309.05,95450.21,271,9.28,479@
                2010-02-10T16:20:00+01:00,718299.97,95541.11,271,9.31,481@
                2010-02-10T16:30:00+01:00,718436.30,95450.21,271,9.32,480@
                2010-02-10T16:40:00+01:00,718518.11,95395.68,271,9.3,478@
                2010-02-10T16:50:00+01:00,718436.30,95277.52,271,9.4,478@
                2010-02-10T17:00:00+01:00,718490.84,95250.25,271,9.38,477@
                2010-02-10T17:10:00+01:00,718481.75,95359.32,271,9.45,485@
                2010-02-10T17:20:00+01:00,718690.80,95286.61,271,9.6,488@
                2010-02-10T17:30:00+01:00,718536.29,95359.32,271,9.56,485@
                2010-02-10T17:40:00+01:00,718499.93,95286.61,271,9.8,490@
                2010-02-10T17:50:00+01:00,718481.75,95359.32,271,8.91,483@
                2010-02-10T18:00:00+01:00,718554.46,95595.64,271,9.1,480
            </swe:values>
      </swe:DataArray>
    </om:result>
  </om:Observation>
</sos:InsertObservation>
