<?xml version="1.0" encoding="UTF-8"?>
<sos:GetObservation
   xmlns:xsi="http://www.w3.org/2001/XMLSchema-instance"
   xsi:schemaLocation="http://schemas.opengis.net/sos/1.0.0/sosAll.xsd"
   xmlns:sos="http://www.opengis.net/sos/1.0"
   xmlns:gml="http://www.opengis.net/gml/3.2"
   xmlns:ogc="http://www.opengis.net/ogc"
   xmlns:om="http://www.opengis.net/om/1.0" 
   service="SOS" version='1.0.0'>
    <offering>urn:x-ist::offering:temporary</offering>
    <observedProperty>:water:</observedProperty>
    <eventTime>
        <gml:TimePeriod>
           <gml:beginPosition>1984-01-11T00:00:00+01:00</gml:beginPosition>
           <gml:endPosition>1984-09-18T01:00:00+01:00</gml:endPosition>
        </gml:TimePeriod>
    </eventTime>
    <responseFormat>text/xml;subtype='sensorML/1.0.0'</responseFormat>
    <qualityIndex>True</qualityIndex>
</sos:GetObservation>
