<?xml version="1.0" encoding="UTF-8"?>
<sos:GetObservation
   xmlns:xsi="http://www.w3.org/2001/XMLSchema-instance"
   xsi:schemaLocation="http://schemas.opengis.net/sos/1.0.0/sosAll.xsd"
   xmlns:sos="http://www.opengis.net/sos/1.0"
   xmlns:gml="http://www.opengis.net/gml/3.2"
   xmlns:ogc="http://www.opengis.net/ogc"
   xmlns:om="http://www.opengis.net/om/1.0" 
   service="SOS" version='1.0.0'>
    <offering>urn:x-ist::offering:temporary</offering>
    <responseFormat>text/xml;subtype='sensorML/1.0.0'</responseFormat>
    <observedProperty>:water:</observedProperty>
    <featureOfInterest>
     <ogc:DWithin>
      <ogc:PropertyName>the_geom</ogc:PropertyName>
      <gml:Point srsName='epsg:21781'>
        <gml:coordinates>713800,89915</gml:coordinates>
      </gml:Point>
      <ogc:Distance units='m'>5</ogc:Distance>
     </ogc:DWithin>
    </featureOfInterest>
</sos:GetObservation>
